iter,loss,value_loss,prob_loss
5,1.4697374440729618,0.47993109934031963,0.9898063503205776
6,1.0078423861414194,0.4386258530430496,0.5692165307700634
